image_id,year,month,day,final_date,split,source_file
000001,2027,06,26,2027-06-26,tuning,000001.jpg
000002,2025,12,11,2025-12-11,tuning,000002.jpg
000003,2026,05,12,2026-05-12,tuning,000003.jpg
000007,2026,06,25,2026-06-25,holdout3,000007.jpg
000008,2027,06,29,2027-06-29,tuning,000008.jpg
000012,2026,03,23,2026-03-23,holdout5,000012.jpg
000014,2026,01,31,2026-01-31,tuning,000014.jpg
000015,2026,03,01,2026-03-01,holdout2,000015.jpg
000018,2025,04,24,2025-04-24,holdout5,000018.jpg
000020,2025,10,09,2025-10-09,tuning,000020.jpg
000021,2025,10,10,2025-10-10,holdout1,000021.jpg
000022,2025,10,14,2025-10-14,holdout2,000022.jpg
000023,2025,10,10,2025-10-10,holdout1,000023.jpg
000032,2026,03,NONE,2026-03-NONE,holdout4,000032.jpg
000037,2026,07,17,2026-07-17,holdout3,000037.jpg
000040,2025,10,11,2025-10-11,tuning,000040.jpg
000041,2025,10,11,2025-10-11,holdout2,000041.jpg
000042,2025,10,12,2025-10-12,holdout3,000042.jpg
000047,2027,04,14,2027-04-14,tuning,000047.png
000051,2026,01,12,2026-01-12,holdout4,000051.jpg
000052,2025,11,19,2025-11-19,tuning,000052.png
000053,2025,12,20,2025-12-20,holdout2,000053.png
000055,2026,08,04,2026-08-04,holdout2,000055.jpg
000058,2027,03,27,2027-03-27,holdout2,000058.jpg
000059,2027,06,22,2027-06-22,tuning,000059.jpg
000062,2026,05,26,2026-05-26,holdout4,000062.jpg
000064,2026,08,03,2026-08-03,holdout2,000064.jpg
000067,2025,12,19,2025-12-19,tuning,000067.jpg
000068,2026,06,17,2026-06-17,holdout3,000068.jpg
000070,2026,10,08,2026-10-08,holdout2,000070.jpg
000072,2026,04,25,2026-04-25,tuning,000072.jpg
000073,2026,03,12,2026-03-12,tuning,000073.jpg
000074,2026,08,28,2026-08-28,holdout3,000074.jpg
000077,2026,03,07,2026-03-07,tuning,000077.jpg
000080,2026,09,16,2026-09-16,holdout5,000080.jpg
000081,2026,05,18,2026-05-18,tuning,000081.jpg
000083,2026,07,01,2026-07-01,tuning,000083.jpg
000085,2026,03,30,2026-03-30,holdout2,000085.jpg
000088,2026,09,03,2026-09-03,holdout1,000088.jpg
000094,2027,06,30,2027-06-30,tuning,000094.jpg
000095,2026,07,29,2026-07-29,holdout3,000095.jpg
000096,2026,05,26,2026-05-26,tuning,000096.jpg
000100,2026,02,11,2026-02-11,holdout2,000100.jpg
000105,2025,11,09,2025-11-09,tuning,000105.jpg
000107,2025,12,25,2025-12-25,tuning,000107.jpg
000108,2025,10,24,2025-10-24,holdout4,000108.jpg
000111,2025,10,25,2025-10-25,holdout2,000111.jpg
000115,2025,12,08,2025-12-08,holdout4,000115.jpg
000117,2025,11,28,2025-11-28,holdout3,000117.jpg
000122,2027,04,28,2027-04-28,holdout3,000122.jpg
000123,2026,06,04,2026-06-04,holdout3,000123.jpg
000140,2026,07,14,2026-07-14,holdout2,000140.jpg
000141,2026,09,17,2026-09-17,tuning,000141.jpg
000142,2026,05,14,2026-05-14,holdout4,000142.jpg
000146,2026,04,03,2026-04-03,holdout3,000146.jpg
000148,2026,02,26,2026-02-26,holdout3,000148.jpg
000149,2026,04,28,2026-04-28,holdout2,000149.jpg
000154,2027,08,13,2027-08-13,holdout2,000154.jpg
000158,2028,07,20,2028-07-20,holdout2,000158.jpg
000161,2027,05,10,2027-05-10,holdout2,000161.jpg
000163,2026,11,20,2026-11-20,holdout3,000163.jpg
000168,2026,02,16,2026-02-16,holdout4,000168.jpg
000169,2026,03,18,2026-03-18,holdout5,000169.jpg
000174,2026,09,05,2026-09-05,holdout4,000174.jpg
000175,2026,06,28,2026-06-28,tuning,000175.jpg
000177,2026,08,18,2026-08-18,holdout2,000177.jpg
000179,2026,06,29,2026-06-29,tuning,000179.jpg
000183,2027,07,28,2027-07-28,holdout2,000183.jpg
000184,2027,11,19,2027-11-19,holdout4,000184.jpg
000186,2028,04,14,2028-04-14,holdout2,000186.jpg
000187,2028,02,05,2028-02-05,holdout4,000187.jpg
000194,2027,04,23,2027-04-23,holdout5,000194.jpg
000196,2027,02,27,2027-02-27,tuning,000196.jpg
000199,2027,09,07,2027-09-07,tuning,000199.jpg
000205,2027,05,18,2027-05-18,holdout3,000205.jpg
000207,2026,09,24,2026-09-24,holdout4,000207.jpg
000209,2027,06,11,2027-06-11,holdout2,000209.jpg
000211,2026,02,12,2026-02-12,holdout2,000211.jpg
000212,2026,12,16,2026-12-16,holdout2,000212.jpg
000221,2026,07,15,2026-07-15,holdout4,000221.jpg
000222,2026,03,25,2026-03-25,holdout4,000222.jpg
000225,2026,04,06,2026-04-06,tuning,000225.jpg
000231,2023,05,27,2023-05-27,holdout2,000231.jpg
000234,2026,10,27,2026-10-27,holdout4,000234.jpg
000235,2026,03,08,2026-03-08,holdout2,000235.jpg
000239,2026,07,10,2026-07-10,holdout2,000239.jpg
000240,2027,05,20,2027-05-20,holdout3,000240.jpg
000242,2026,05,21,2026-05-21,tuning,000242.jpg
000244,2026,06,21,2026-06-21,holdout2,000244.jpg
000246,2026,02,04,2026-02-04,holdout5,000246.jpg
000249,2026,02,16,2026-02-16,holdout2,000249.jpg
000251,2026,02,24,2026-02-24,tuning,000251.jpg
000254,2026,08,12,2026-08-12,holdout5,000254.jpg
000258,2026,05,30,2026-05-30,holdout1,000258.jpg
000261,2026,03,07,2026-03-07,holdout5,000261.png
000266,2025,12,04,2025-12-04,holdout1,000266.jpg
000270,2026,09,03,2026-09-03,tuning,000270.jpg
000273,2026,03,13,2026-03-13,holdout2,000273.jpg
000274,2026,03,02,2026-03-02,holdout4,000274.jpg
000275,2026,04,23,2026-04-23,tuning,000275.jpg
000276,2026,03,25,2026-03-25,holdout2,000276.jpg
000279,2026,06,02,2026-06-02,tuning,000279.jpg
000282,2026,09,10,2026-09-10,holdout4,000282.jpg
000283,2027,09,17,2027-09-17,tuning,000283.jpg
000289,2030,07,23,2030-07-23,holdout4,000289.jpg
000291,2027,07,21,2027-07-21,holdout3,000291.jpg
000293,2025,10,24,2025-10-24,holdout2,000293.jpg
000307,2025,11,14,2025-11-14,holdout4,000307.jpg
000314,2026,09,01,2026-09-01,holdout5,000314.jpg
000315,2026,07,19,2026-07-19,holdout2,000315.jpg
000316,2027,03,01,2027-03-01,holdout4,000316.jpg
000317,2025,11,15,2025-11-15,tuning,000317.jpg
000319,2026,02,14,2026-02-14,tuning,000319.jpg
000321,2025,10,29,2025-10-29,holdout2,000321.jpg
000323,2025,12,21,2025-12-21,holdout3,000323.jpg
000329,2025,12,25,2025-12-25,tuning,000329.jpg
000336,2025,11,20,2025-11-20,holdout3,000336.jpg
000347,2027,05,26,2027-05-26,holdout5,000347.jpg
000348,2026,04,02,2026-04-02,holdout3,000348.jpg
000351,2026,05,03,2026-05-03,holdout5,000351.jpg
000357,2027,08,11,2027-08-11,tuning,000357.jpg
000358,2027,09,16,2027-09-16,holdout2,000358.jpg
000360,2026,02,19,2026-02-19,holdout2,000360.jpg
000362,2026,08,11,2026-08-11,holdout2,000362.jpg
000369,2027,06,25,2027-06-25,tuning,000369.jpg
000378,2026,05,29,2026-05-29,holdout3,000378.jpg
000383,2026,04,03,2026-04-03,tuning,000383.jpg
000385,2026,09,14,2026-09-14,tuning,000385.jpg
000392,2026,08,28,2026-08-28,holdout3,000392.jpg
000394,2026,04,14,2026-04-14,tuning,000394.jpg
000400,2026,01,11,2026-01-11,holdout2,000400.jpg
000402,2028,04,19,2028-04-19,holdout4,000402.jpg
000403,2027,04,01,2027-04-01,holdout5,000403.jpg
000408,2025,10,09,2025-10-09,holdout2,000408.jpg
000412,2026,01,19,2026-01-19,holdout3,000412.jpg
000417,2026,03,15,2026-03-15,holdout2,000417.jpg
000427,2027,04,01,2027-04-01,holdout4,000427.jpg
000429,2026,01,04,2026-01-04,tuning,000429.jpg
000430,2028,02,01,2028-02-01,holdout3,000430.jpg
000436,2026,02,12,2026-02-12,tuning,000436.jpg
000440,2026,08,13,2026-08-13,holdout4,000440.jpg
000441,2025,12,15,2025-12-15,holdout3,000441.jpg
000443,2026,04,06,2026-04-06,tuning,000443.jpg
000448,2026,08,20,2026-08-20,holdout5,000448.jpg
000450,2026,03,11,2026-03-11,holdout2,000450.jpg
000451,2026,02,27,2026-02-27,tuning,000451.jpg
000452,2026,03,25,2026-03-25,tuning,000452.jpg
000455,2026,02,10,2026-02-10,holdout2,000455.jpg
000456,2025,12,26,2025-12-26,tuning,000456.jpg
000462,2027,05,27,2027-05-27,tuning,000462.jpg
000465,2027,07,30,2027-07-30,holdout4,000465.jpg
000467,2025,12,26,2025-12-26,holdout4,000467.jpg
000471,2027,01,08,2027-01-08,holdout3,000471.jpg
000474,2026,06,26,2026-06-26,holdout1,000474.jpg
000477,2026,07,21,2026-07-21,holdout5,000477.jpg
000481,2026,03,09,2026-03-09,holdout1,000481.jpg
000483,2027,04,15,2027-04-15,tuning,000483.jpg
000493,2026,06,17,2026-06-17,holdout2,000493.jpg
000495,2026,02,19,2026-02-19,holdout5,000495.jpg
000497,2026,08,31,2026-08-31,holdout4,000497.jpg
000498,2026,03,07,2026-03-07,holdout2,000498.jpg
000506,2026,06,18,2026-06-18,holdout4,000506.jpg
000509,2026,09,01,2026-09-01,tuning,000509.jpg
000517,2026,09,25,2026-09-25,holdout2,000517.jpg
000520,2026,09,15,2026-09-15,holdout3,000520.jpg
000524,2026,06,18,2026-06-18,holdout3,000524.jpg
000528,2026,03,11,2026-03-11,holdout3,000528.jpg
000529,2026,01,12,2026-01-12,holdout2,000529.jpg
000534,2027,01,29,2027-01-29,holdout5,000534.jpg
000539,2027,08,11,2027-08-11,holdout2,000539.jpg
000550,2026,05,29,2026-05-29,tuning,000550.jpg
000555,2027,04,16,2027-04-16,tuning,000555.jpg
000556,2026,08,07,2026-08-07,holdout3,000556.jpg
000558,2025,05,16,2025-05-16,holdout4,000558.jpg
000562,2025,12,30,2025-12-30,holdout2,000562.jpg
000569,2025,11,02,2025-11-02,tuning,000569.jpg
000572,NONE,10,15,NONE-10-15,holdout4,000572.jpg
000574,2026,02,24,2026-02-24,holdout5,000574.jpg
000588,2025,11,28,2025-11-28,holdout3,000588.jpg
000603,2026,09,24,2026-09-24,holdout1,000603.jpg
000605,2028,07,01,2028-07-01,tuning,000605.jpg
000609,2027,06,11,2027-06-11,holdout5,000609.jpg
000611,2026,07,20,2026-07-20,tuning,000611.jpg
000616,2026,09,10,2026-09-10,holdout1,000616.jpg
000618,2026,08,26,2026-08-26,tuning,000618.jpg
000623,2027,03,10,2027-03-10,holdout1,000623.jpg
000630,2026,03,31,2026-03-31,holdout3,000630.jpg
000632,2025,12,28,2025-12-28,holdout3,000632.jpg
000636,2026,03,09,2026-03-09,holdout4,000636.jpg
000638,2026,06,16,2026-06-16,tuning,000638.jpg
000647,2026,08,19,2026-08-19,tuning,000647.jpg
000649,2027,04,07,2027-04-07,holdout3,000649.jpg
000655,2026,08,27,2026-08-27,holdout4,000655.jpg
000659,2026,08,24,2026-08-24,holdout3,000659.jpg
000661,2026,04,17,2026-04-17,holdout4,000661.jpg
000662,2026,03,11,2026-03-11,holdout2,000662.jpg
000666,2026,09,01,2026-09-01,holdout3,000666.jpg
000670,2026,06,24,2026-06-24,holdout4,000670.jpg
000675,2028,06,03,2028-06-03,holdout1,000675.jpg
000677,2027,08,17,2027-08-17,tuning,000677.jpg
000680,2025,10,15,2025-10-15,holdout4,000680.jpg
000685,2026,05,28,2026-05-28,holdout3,000685.jpg
000706,2026,03,11,2026-03-11,holdout3,000706.jpg
000707,2026,08,19,2026-08-19,holdout2,000707.jpg
000712,2025,11,20,2025-11-20,holdout3,000712.jpg
000715,2026,06,26,2026-06-26,holdout1,000715.jpg
000719,2026,04,04,2026-04-04,tuning,000719.jpg
000720,2026,02,28,2026-02-28,holdout3,000720.jpg
000721,2026,12,17,2026-12-17,holdout3,000721.jpg
000728,2026,06,24,2026-06-24,holdout4,000728.jpg
000740,2026,07,23,2026-07-23,holdout3,000740.jpg
000744,2027,08,18,2027-08-18,holdout2,000744.jpg
000749,2026,01,21,2026-01-21,holdout4,000749.jpg
000751,2025,05,08,2025-05-08,holdout4,000751.jpg
000754,2026,05,24,2026-05-24,holdout4,000754.jpg
000756,2027,02,24,2027-02-24,holdout3,000756.jpg
000757,NONE,10,22,NONE-10-22,holdout5,000757.jpg
000763,NONE,11,12,NONE-11-12,holdout4,000763.jpg
000767,2026,02,12,2026-02-12,holdout2,000767.jpeg
000771,2019,11,26,2019-11-26,holdout2,000771.jpeg
000772,NONE,12,20,NONE-12-20,holdout2,000772.jpeg
000773,NONE,12,10,NONE-12-10,holdout3,000773.jpeg
000775,2025,12,17,2025-12-17,tuning,000775.jpeg
000778,2026,06,22,2026-06-22,holdout1,000778.jpeg
000780,2026,04,27,2026-04-27,tuning,000780.jpeg
000781,2026,10,02,2026-10-02,holdout3,000781.jpeg
000792,2026,04,05,2026-04-05,holdout2,000792.jpeg
000801,2026,03,25,2026-03-25,tuning,000801.jpeg
000810,2026,03,31,2026-03-31,holdout2,000810.jpeg
000816,2026,11,09,2026-11-09,holdout3,000816.jpeg
000819,2026,05,18,2026-05-18,holdout2,000819.jpeg
000826,2026,06,22,2026-06-22,holdout2,000826.jpeg
000831,2026,07,16,2026-07-16,holdout3,000831.jpeg
000834,2026,02,02,2026-02-02,holdout2,000834.jpeg
000838,2026,02,21,2026-02-21,holdout5,000838.jpeg
000839,2026,01,03,2026-01-03,holdout1,000839.jpeg
000840,2026,01,01,2026-01-01,holdout1,000840.jpeg
000844,2026,07,03,2026-07-03,holdout3,000844.jpeg
000845,2026,06,17,2026-06-17,holdout5,000845.jpeg
000848,2026,05,21,2026-05-21,holdout2,000848.jpeg
000849,2026,05,21,2026-05-21,holdout3,000849.jpeg
000853,2026,09,24,2026-09-24,tuning,000853.jpeg
000876,2021,07,01,2021-07-01,holdout2,000876.jpg
000881,2021,06,08,2021-06-08,holdout5,000881.jpg
000886,2021,07,09,2021-07-09,holdout2,000886.jpg
000887,2021,12,04,2021-12-04,holdout3,000887.jpg
000889,2021,05,27,2021-05-27,holdout1,000889.jpg
000892,2022,02,07,2022-02-07,holdout4,000892.jpg
000895,2021,06,02,2021-06-02,holdout2,000895.jpg
000896,2023,02,15,2023-02-15,tuning,000896.jpg
000909,2021,09,20,2021-09-20,holdout3,000909.jpg
000913,2021,10,19,2021-10-19,holdout5,000913.jpg
000917,2022,06,06,2022-06-06,holdout4,000917.jpg
000922,2022,02,26,2022-02-26,holdout3,000922.jpg
000924,NONE,02,02,NONE-02-02,holdout3,000924.jpg
000927,2021,08,23,2021-08-23,holdout2,000927.jpg
000929,2022,03,13,2022-03-13,holdout2,000929.jpg
000930,2021,07,29,2021-07-29,holdout1,000930.jpg
000935,2021,02,10,2021-02-10,holdout5,000935.jpg
000937,2022,06,11,2022-06-11,tuning,000937.jpg
000943,2021,05,29,2021-05-29,holdout2,000943.jpg
000946,2021,09,30,2021-09-30,holdout2,000946.jpg
000949,2021,10,24,2021-10-24,holdout4,000949.jpg
000950,2022,09,16,2022-09-16,tuning,000950.jpg
000951,2021,04,05,2021-04-05,holdout3,000951.jpg
000954,2021,02,05,2021-02-05,holdout4,000954.jpg
000956,2022,01,25,2022-01-25,holdout4,000956.jpg
000957,2021,02,22,2021-02-22,holdout4,000957.jpg
000958,2021,02,22,2021-02-22,holdout5,000958.jpg
000960,2022,07,19,2022-07-19,holdout2,000960.jpg
000968,2022,10,17,2022-10-17,holdout2,000968.jpg
000970,2022,06,30,2022-06-30,holdout4,000970.jpg
000973,2022,02,12,2022-02-12,holdout2,000973.jpg
000979,2021,06,14,2021-06-14,holdout2,000979.jpg
000982,2022,02,15,2022-02-15,tuning,000982.jpg
000985,2021,12,28,2021-12-28,holdout4,000985.jpg
000987,2021,12,28,2021-12-28,holdout2,000987.jpg
000991,2021,03,04,2021-03-04,holdout5,000991.jpg
000999,2021,11,11,2021-11-11,tuning,000999.jpg
001001,2021,09,07,2021-09-07,holdout3,001001.jpg
001006,2022,06,29,2022-06-29,tuning,001006.jpg
001021,2021,06,28,2021-06-28,holdout5,001021.jpg
001022,2021,06,28,2021-06-28,holdout4,001022.jpg
001028,2021,07,07,2021-07-07,holdout4,001028.jpg
001029,2021,07,07,2021-07-07,holdout2,001029.jpg
001032,2019,07,16,2019-07-16,holdout1,001032.jpg
001038,2021,12,28,2021-12-28,holdout4,001038.jpg
001041,2022,04,15,2022-04-15,tuning,001041.jpg
001043,2021,09,13,2021-09-13,holdout4,001043.jpg
001052,2022,12,20,2022-12-20,holdout5,001052.jpg
001058,2021,10,14,2021-10-14,holdout2,001058.jpg
001064,2022,01,04,2022-01-04,holdout4,001064.jpg
001081,2021,06,17,2021-06-17,holdout4,001081.jpg
001086,2023,10,09,2023-10-09,tuning,001086.jpg
001087,2022,06,14,2022-06-14,tuning,001087.jpg
001094,2022,01,12,2022-01-12,holdout2,001094.jpg
001098,2021,03,18,2021-03-18,holdout4,001098.jpg
001102,2021,03,14,2021-03-14,holdout3,001102.jpg
001108,2021,02,28,2021-02-28,holdout3,001108.jpg
001121,2023,01,10,2023-01-10,holdout2,001121.jpg
001126,2021,12,28,2021-12-28,tuning,001126.jpg
001134,2021,03,03,2021-03-03,holdout3,001134.jpg
001136,2022,09,21,2022-09-21,holdout5,001136.jpg
001142,2021,06,28,2021-06-28,holdout3,001142.jpg
001145,2021,05,25,2021-05-25,holdout4,001145.jpg
001146,2021,12,13,2021-12-13,holdout4,001146.jpg
001147,2021,12,13,2021-12-13,holdout1,001147.jpg
001149,2022,07,31,2022-07-31,holdout4,001149.jpg
001155,2021,09,21,2021-09-21,holdout5,001155.jpg
001157,2021,02,07,2021-02-07,tuning,001157.jpg
001163,2021,12,06,2021-12-06,holdout5,001163.jpg
001169,2021,08,31,2021-08-31,holdout3,001169.jpg
001171,2022,01,18,2022-01-18,holdout2,001171.jpg
001173,2021,09,NONE,2021-09-NONE,holdout5,001173.jpg
001174,2021,03,14,2021-03-14,holdout4,001174.jpg
001175,2021,09,07,2021-09-07,holdout3,001175.jpg
001179,2023,09,01,2023-09-01,holdout2,001179.jpg
001184,2021,10,08,2021-10-08,holdout2,001184.jpg
001189,2019,06,28,2019-06-28,holdout3,001189.jpg
001200,2021,10,20,2021-10-20,tuning,001200.jpg
001201,2022,07,16,2022-07-16,tuning,001201.jpg
001208,2020,08,18,2020-08-18,holdout2,001208.jpg
001209,2021,08,03,2021-08-03,holdout4,001209.jpg
001216,2021,06,13,2021-06-13,holdout4,001216.jpg
001217,2022,05,30,2022-05-30,tuning,001217.jpg
001218,2022,05,30,2022-05-30,holdout2,001218.jpg
001219,2021,01,14,2021-01-14,tuning,001219.jpg
001224,2021,04,11,2021-04-11,holdout5,001224.jpg
001225,2022,06,27,2022-06-27,holdout3,001225.jpg
001236,NONE,01,28,NONE-01-28,holdout4,001236.jpg
001239,2020,12,19,2020-12-19,holdout1,001239.jpg
001241,2022,06,13,2022-06-13,holdout2,001241.jpg
001242,2022,06,13,2022-06-13,holdout2,001242.jpg
001247,2022,01,19,2022-01-19,holdout4,001247.jpg
001248,2021,07,15,2021-07-15,holdout4,001248.jpg
001250,2021,04,11,2021-04-11,holdout3,001250.jpg
001257,2023,07,03,2023-07-03,holdout3,001257.jpg
001262,2021,03,25,2021-03-25,holdout4,001262.jpg
001263,2022,12,03,2022-12-03,tuning,001263.jpg
001264,2022,12,03,2022-12-03,holdout3,001264.jpg
001266,2022,06,NONE,2022-06-NONE,holdout5,001266.jpg
001268,2022,09,05,2022-09-05,holdout3,001268.jpg
001272,2023,07,08,2023-07-08,holdout2,001272.jpg
001274,2022,06,17,2022-06-17,tuning,001274.jpg
001281,2025,08,05,2025-08-05,holdout4,001281.jpg
001282,2025,04,01,2025-04-01,tuning,001282.jpg
001290,2021,11,24,2021-11-24,holdout3,001290.jpg
001299,2021,07,28,2021-07-28,tuning,001299.jpg
001302,2021,11,29,2021-11-29,holdout2,001302.jpg
001306,2021,07,19,2021-07-19,holdout1,001306.jpg
001309,2021,04,30,2021-04-30,holdout2,001309.jpg
001312,2022,10,20,2022-10-20,holdout3,001312.jpg
001315,2021,12,09,2021-12-09,holdout5,001315.jpg
001318,2022,12,07,2022-12-07,holdout4,001318.jpg
001320,2021,11,22,2021-11-22,holdout3,001320.jpg
001322,2022,02,15,2022-02-15,holdout2,001322.jpg
001324,2023,07,09,2023-07-09,holdout2,001324.jpg
001325,2021,07,22,2021-07-22,holdout3,001325.jpg
001328,2021,06,26,2021-06-26,holdout3,001328.jpg
001330,2021,03,05,2021-03-05,holdout4,001330.jpg
001333,2021,12,NONE,2021-12-NONE,holdout2,001333.jpg
001337,2021,07,04,2021-07-04,holdout3,001337.jpg
001342,2021,09,10,2021-09-10,holdout2,001342.jpg
001357,2022,08,NONE,2022-08-NONE,tuning,001357.jpg
001372,2022,03,07,2022-03-07,holdout5,001372.jpg
001376,2021,12,02,2021-12-02,tuning,001376.jpg
001387,2021,07,17,2021-07-17,holdout5,001387.jpg
001396,2022,11,01,2022-11-01,holdout5,001396.jpg
001398,2021,07,23,2021-07-23,holdout3,001398.jpg
001403,2020,09,29,2020-09-29,holdout3,001403.jpg
001407,2021,07,31,2021-07-31,holdout3,001407.jpg
001409,2021,12,16,2021-12-16,holdout3,001409.jpg
001410,2021,05,25,2021-05-25,holdout2,001410.jpg
001413,2021,07,23,2021-07-23,holdout2,001413.jpg
001414,2021,07,23,2021-07-23,holdout2,001414.jpg
001416,2021,11,05,2021-11-05,holdout5,001416.jpg
001421,2021,07,01,2021-07-01,holdout2,001421.jpg
001432,2021,09,29,2021-09-29,holdout5,001432.jpg
001436,2021,09,20,2021-09-20,holdout3,001436.jpg
001437,2021,08,29,2021-08-29,holdout3,001437.jpg
001438,2021,08,29,2021-08-29,holdout5,001438.jpg
001441,2021,06,24,2021-06-24,holdout3,001441.jpg
001444,2021,09,06,2021-09-06,holdout4,001444.jpg
001445,2021,10,28,2021-10-28,holdout5,001445.jpg
001446,2021,10,28,2021-10-28,holdout3,001446.jpg
001449,2022,10,28,2022-10-28,holdout3,001449.jpg
001456,2022,06,28,2022-06-28,tuning,001456.jpg
001461,2022,01,20,2022-01-20,holdout4,001461.jpg
001466,2020,11,03,2020-11-03,holdout4,001466.jpg
001469,2022,12,03,2022-12-03,holdout3,001469.jpg
001470,2021,12,29,2021-12-29,holdout2,001470.jpg
001479,2022,08,27,2022-08-27,holdout1,001479.jpg
001483,2021,02,06,2021-02-06,holdout2,001483.jpg
001487,2022,12,08,2022-12-08,holdout3,001487.jpg
001491,2023,07,08,2023-07-08,holdout3,001491.jpg
001495,2021,11,22,2021-11-22,tuning,001495.jpg
001498,2021,06,30,2021-06-30,tuning,001498.jpg
001505,2021,01,27,2021-01-27,holdout5,001505.jpg
001509,2021,10,19,2021-10-19,holdout4,001509.jpg
001515,2022,08,16,2022-08-16,holdout2,001515.jpg
001522,2021,06,14,2021-06-14,holdout4,001522.jpg
001526,2021,01,21,2021-01-21,holdout3,001526.jpg
001528,2021,06,25,2021-06-25,holdout2,001528.jpg
001532,2022,06,21,2022-06-21,holdout1,001532.jpg
001533,2022,06,21,2022-06-21,tuning,001533.jpg
001537,2021,02,19,2021-02-19,holdout4,001537.jpg
001545,2021,08,02,2021-08-02,holdout2,001545.jpg
001548,2022,09,28,2022-09-28,tuning,001548.jpg
001550,2021,08,25,2021-08-25,holdout4,001550.jpg
001555,2020,06,03,2020-06-03,holdout4,001555.jpg
001557,2022,03,16,2022-03-16,holdout4,001557.jpg
001558,2021,12,24,2021-12-24,holdout2,001558.jpg
001563,2020,08,05,2020-08-05,holdout5,001563.jpg
001564,2020,08,05,2020-08-05,holdout5,001564.jpg
001565,2022,01,17,2022-01-17,holdout3,001565.jpg
001566,2020,04,23,2020-04-23,holdout3,001566.jpg
001572,2021,06,11,2021-06-11,holdout2,001572.jpg
001575,2022,03,27,2022-03-27,holdout2,001575.jpg
001579,2022,11,02,2022-11-02,holdout3,001579.jpg
001580,2022,11,02,2022-11-02,holdout4,001580.jpg
001584,2021,12,15,2021-12-15,holdout4,001584.jpg
001585,2021,10,28,2021-10-28,holdout3,001585.jpg
001586,2021,04,21,2021-04-21,holdout3,001586.jpg
001588,2023,01,09,2023-01-09,holdout5,001588.jpg
001592,2022,01,05,2022-01-05,holdout2,001592.jpg
001593,2022,01,05,2022-01-05,holdout2,001593.jpg
001594,2021,12,13,2021-12-13,holdout5,001594.jpg
001596,2021,02,25,2021-02-25,holdout3,001596.jpg
001600,2021,02,08,2021-02-08,holdout2,001600.jpg
001601,2021,02,11,2021-02-11,tuning,001601.jpg
001602,2021,02,11,2021-02-11,holdout4,001602.jpg
001605,2021,03,06,2021-03-06,holdout4,001605.jpg
001609,2021,06,29,2021-06-29,holdout2,001609.jpg
001614,2020,09,03,2020-09-03,holdout5,001614.jpg
001616,2021,12,15,2021-12-15,holdout5,001616.jpg
001619,2023,10,06,2023-10-06,holdout4,001619.jpg
001620,2022,07,19,2022-07-19,holdout2,001620.jpg
001633,2021,05,12,2021-05-12,holdout4,001633.jpg
001635,2021,12,22,2021-12-22,holdout4,001635.jpg
001640,2021,02,28,2021-02-28,holdout3,001640.jpg
001643,2021,10,16,2021-10-16,holdout5,001643.jpg
001644,2021,10,16,2021-10-16,holdout3,001644.jpg
001645,2021,10,12,2021-10-12,holdout4,001645.jpg
001648,2021,12,14,2021-12-14,holdout3,001648.jpg
001659,2022,10,05,2022-10-05,holdout3,001659.jpg
001663,2020,08,29,2020-08-29,holdout3,001663.jpg
001671,2021,10,23,2021-10-23,holdout4,001671.jpg
001672,2021,05,19,2021-05-19,holdout4,001672.jpg
001673,2021,05,19,2021-05-19,holdout2,001673.jpg
001676,2021,03,15,2021-03-15,holdout3,001676.jpg
001680,2021,03,16,2021-03-16,holdout3,001680.jpg
001681,2022,10,22,2022-10-22,holdout4,001681.jpg
001685,2021,11,29,2021-11-29,tuning,001685.jpg
001686,2020,11,27,2020-11-27,holdout3,001686.jpg
001692,2021,07,03,2021-07-03,holdout3,001692.jpg
001699,2021,12,22,2021-12-22,holdout5,001699.jpg
001708,2021,05,02,2021-05-02,holdout3,001708.jpg
001709,2021,04,12,2021-04-12,holdout2,001709.jpg
001710,2021,10,15,2021-10-15,holdout4,001710.jpg
001713,2021,09,08,2021-09-08,holdout1,001713.jpg
001714,2021,09,08,2021-09-08,holdout2,001714.jpg
001719,2021,03,11,2021-03-11,holdout5,001719.jpg
001720,2021,03,11,2021-03-11,holdout4,001720.jpg
001722,2021,07,06,2021-07-06,tuning,001722.jpg
001723,2021,05,13,2021-05-13,holdout2,001723.jpg
001734,2022,01,20,2022-01-20,holdout3,001734.jpg
001735,2022,01,20,2022-01-20,holdout4,001735.jpg
001744,2022,01,28,2022-01-28,holdout2,001744.jpg
001752,2022,01,10,2022-01-10,holdout2,001752.jpg
001760,2021,04,24,2021-04-24,holdout5,001760.jpg
001762,2021,11,22,2021-11-22,holdout5,001762.jpg
001770,2019,10,18,2019-10-18,holdout4,001770.jpg
001771,2019,10,18,2019-10-18,holdout5,001771.jpg
001786,2021,09,19,2021-09-19,holdout1,001786.jpg
001793,2021,11,07,2021-11-07,holdout3,001793.jpg
001798,2021,10,14,2021-10-14,holdout5,001798.jpg
001801,2021,03,05,2021-03-05,holdout3,001801.jpg
001807,2021,02,25,2021-02-25,holdout3,001807.jpg
001808,2020,08,13,2020-08-13,holdout4,001808.jpg
001813,2021,03,26,2021-03-26,tuning,001813.jpg
001817,2021,04,14,2021-04-14,tuning,001817.jpg
001819,2022,01,18,2022-01-18,holdout2,001819.jpg
001822,2021,06,09,2021-06-09,tuning,001822.jpg
001835,2022,07,12,2022-07-12,holdout2,001835.jpg
001836,2021,10,02,2021-10-02,holdout2,001836.jpg
001847,2021,09,23,2021-09-23,holdout5,001847.jpg
001848,2021,11,18,2021-11-18,holdout2,001848.jpg
001853,2022,08,13,2022-08-13,holdout2,001853.jpg
001854,2022,01,18,2022-01-18,holdout5,001854.jpg
001864,2023,08,04,2023-08-04,holdout2,001864.jpg
001865,2021,09,17,2021-09-17,holdout2,001865.jpg
001872,2022,10,14,2022-10-14,holdout5,001872.jpg
001873,2022,10,14,2022-10-14,holdout3,001873.jpg
001875,2021,10,22,2021-10-22,holdout3,001875.jpg
001884,2021,09,09,2021-09-09,holdout1,001884.jpg
001891,2022,05,22,2022-05-22,holdout4,001891.jpg
001892,2022,05,22,2022-05-22,holdout3,001892.jpg
001894,2021,03,19,2021-03-19,holdout3,001894.jpg
001902,2021,10,28,2021-10-28,holdout3,001902.jpg
001903,2021,08,27,2021-08-27,tuning,001903.jpg
001906,2021,09,03,2021-09-03,holdout3,001906.jpg
001907,2021,08,16,2021-08-16,holdout5,001907.jpg
001909,2021,12,29,2021-12-29,holdout1,001909.jpg
001918,2021,05,25,2021-05-25,holdout2,001918.jpg
001919,2023,12,20,2023-12-20,holdout3,001919.jpg
001924,2022,01,21,2022-01-21,holdout2,001924.jpg
001927,2021,04,27,2021-04-27,holdout3,001927.jpg
001934,2022,03,29,2022-03-29,holdout3,001934.jpg
001942,2022,05,27,2022-05-27,holdout3,001942.jpg
001946,2021,08,NONE,2021-08-NONE,holdout4,001946.jpg
001951,2022,09,16,2022-09-16,holdout1,001951.jpg
001967,2022,08,24,2022-08-24,holdout3,001967.jpg
001969,2021,08,NONE,2021-08-NONE,holdout4,001969.jpg
001974,2021,09,NONE,2021-09-NONE,tuning,001974.jpg
001985,2022,01,19,2022-01-19,holdout3,001985.jpg
002011,2020,06,30,2020-06-30,holdout2,002011.jpg
002021,2022,04,09,2022-04-09,holdout2,002021.jpg
002027,2020,11,26,2020-11-26,holdout2,002027.jpg
002029,2020,11,22,2020-11-22,holdout4,002029.jpg
002041,2020,08,27,2020-08-27,holdout3,002041.jpg
002046,2021,12,10,2021-12-10,holdout2,002046.jpg
002049,2021,03,25,2021-03-25,holdout5,002049.jpg
002054,2021,12,NONE,2021-12-NONE,holdout3,002054.jpg
002055,2021,12,NONE,2021-12-NONE,holdout2,002055.jpg
002056,2021,12,17,2021-12-17,holdout2,002056.jpg
002059,2022,06,22,2022-06-22,holdout4,002059.jpg
002067,2020,04,30,2020-04-30,holdout2,002067.jpg
002070,2022,03,24,2022-03-24,holdout3,002070.jpg
002075,2020,05,28,2020-05-28,tuning,002075.jpg
002081,2019,09,16,2019-09-16,holdout4,002081.jpg
002082,2019,07,09,2019-07-09,holdout5,002082.jpg
002086,2021,11,22,2021-11-22,holdout5,002086.jpg
002090,2021,11,09,2021-11-09,holdout5,002090.jpg
002093,2021,11,17,2021-11-17,tuning,002093.jpg
002098,2021,05,25,2021-05-25,holdout2,002098.jpg
002099,2021,05,25,2021-05-25,holdout3,002099.jpg
002101,2021,09,17,2021-09-17,tuning,002101.jpg
002102,2021,12,25,2021-12-25,holdout2,002102.jpg
002103,2021,12,25,2021-12-25,holdout4,002103.jpg
002104,2021,01,28,2021-01-28,holdout4,002104.jpg
002109,2022,02,24,2022-02-24,tuning,002109.jpg
002116,2020,07,05,2020-07-05,holdout3,002116.jpg
002119,2021,01,03,2021-01-03,holdout4,002119.jpg
002128,2021,08,12,2021-08-12,holdout5,002128.jpg
002132,2021,04,10,2021-04-10,holdout5,002132.jpg
002133,2021,04,10,2021-04-10,holdout2,002133.jpg
002135,2022,11,02,2022-11-02,holdout1,002135.jpg
002141,2021,04,11,2021-04-11,holdout2,002141.jpg
002153,2019,07,11,2019-07-11,holdout3,002153.jpg
002157,2021,12,25,2021-12-25,holdout1,002157.jpg
002165,2021,01,29,2021-01-29,tuning,002165.jpg
002170,2020,01,15,2020-01-15,holdout5,002170.jpg
002172,2020,06,24,2020-06-24,holdout2,002172.jpg
002181,2018,12,04,2018-12-04,holdout5,002181.jpg
002190,2022,02,04,2022-02-04,holdout3,002190.jpg
002191,2020,10,20,2020-10-20,holdout1,002191.jpg
002195,2021,10,28,2021-10-28,holdout2,002195.jpg
002196,2021,10,28,2021-10-28,holdout2,002196.jpg
002197,2021,01,13,2021-01-13,holdout3,002197.jpg
002201,2020,10,08,2020-10-08,tuning,002201.jpg
002208,2022,05,31,2022-05-31,holdout5,002208.jpg
002212,2020,10,30,2020-10-30,holdout5,002212.jpg
002215,2020,10,16,2020-10-16,holdout4,002215.jpg
002222,2021,02,07,2021-02-07,holdout2,002222.jpg
002229,2023,03,28,2023-03-28,holdout5,002229.jpg
002236,2021,06,08,2021-06-08,holdout2,002236.jpg
002237,2021,06,08,2021-06-08,holdout2,002237.jpg
002238,2022,06,30,2022-06-30,holdout3,002238.jpg
002241,2021,05,26,2021-05-26,holdout3,002241.jpg
002247,2021,09,07,2021-09-07,holdout1,002247.jpg
002251,2021,05,09,2021-05-09,holdout4,002251.jpg
002253,2022,01,04,2022-01-04,holdout2,002253.jpg
002257,2021,04,30,2021-04-30,holdout3,002257.jpg
002258,2022,01,24,2022-01-24,holdout3,002258.jpg
002268,2022,09,NONE,2022-09-NONE,holdout5,002268.jpg
002271,2021,08,02,2021-08-02,holdout3,002271.jpg
002279,2021,01,03,2021-01-03,tuning,002279.jpg
002283,2022,01,20,2022-01-20,holdout3,002283.jpg
002286,2021,12,31,2021-12-31,holdout4,002286.jpg
002291,2021,09,10,2021-09-10,holdout1,002291.jpg
002293,2021,07,03,2021-07-03,holdout3,002293.jpg
002302,2022,02,03,2022-02-03,holdout3,002302.jpg
002311,NONE,NONE,NONE,NONE,tuning,002311.jpg
002321,2022,11,04,2022-11-04,holdout4,002321.jpg
002322,NONE,04,15,NONE-04-15,holdout5,002322.jpg
002325,2020,09,06,2020-09-06,holdout3,002325.jpg
002331,2021,12,16,2021-12-16,holdout1,002331.jpg
002335,2021,11,19,2021-11-19,holdout2,002335.jpg
002339,2021,12,28,2021-12-28,holdout3,002339.jpg
002340,2021,12,28,2021-12-28,holdout2,002340.jpg
002349,2019,09,11,2019-09-11,holdout2,002349.jpg
002364,2021,08,04,2021-08-04,holdout3,002364.jpg
002367,2020,10,01,2020-10-01,tuning,002367.jpg
002369,2022,01,16,2022-01-16,holdout4,002369.jpg
002380,2022,10,20,2022-10-20,holdout3,002380.jpg
002381,2021,08,17,2021-08-17,holdout2,002381.jpg
002384,2020,10,08,2020-10-08,holdout5,002384.jpg
002389,2021,08,04,2021-08-04,holdout5,002389.jpg
002400,2023,01,05,2023-01-05,holdout3,002400.jpg
002401,2022,11,04,2022-11-04,tuning,002401.jpg
002427,2021,01,18,2021-01-18,holdout2,002427.jpg
002434,2023,01,07,2023-01-07,holdout2,002434.jpg
002435,2021,06,03,2021-06-03,holdout4,002435.jpg
002436,2021,06,03,2021-06-03,holdout4,002436.jpg
002438,2020,09,13,2020-09-13,holdout2,002438.jpg
002447,2021,02,04,2021-02-04,tuning,002447.jpg
002449,2021,06,09,2021-06-09,holdout1,002449.jpg
002450,2021,06,09,2021-06-09,holdout4,002450.jpg
002453,2021,12,22,2021-12-22,holdout4,002453.jpg
002461,2021,10,31,2021-10-31,holdout3,002461.jpg
002467,2021,05,18,2021-05-18,holdout4,002467.jpg
002469,2023,06,22,2023-06-22,holdout4,002469.jpg
002471,2021,03,18,2021-03-18,tuning,002471.jpg
002477,2023,03,15,2023-03-15,holdout2,002477.jpg
002478,2023,03,15,2023-03-15,holdout2,002478.jpg
002479,2022,07,NONE,2022-07-NONE,holdout4,002479.jpg
002483,2021,06,06,2021-06-06,holdout4,002483.jpg
002484,2021,05,05,2021-05-05,holdout2,002484.jpg
002490,2021,04,18,2021-04-18,holdout2,002490.jpg
002491,2022,09,08,2022-09-08,holdout2,002491.jpg
002499,2021,05,07,2021-05-07,holdout2,002499.jpg
002500,2021,08,21,2021-08-21,holdout2,002500.jpg
002504,2022,01,06,2022-01-06,holdout4,002504.jpg
002507,2021,08,08,2021-08-08,holdout1,002507.jpg
002516,2022,07,20,2022-07-20,tuning,002516.jpg
002523,2022,09,14,2022-09-14,holdout4,002523.jpg
002534,2021,12,04,2021-12-04,holdout4,002534.jpg
002539,2021,08,05,2021-08-05,holdout4,002539.jpg
002542,2021,10,17,2021-10-17,holdout3,002542.jpg
002544,2021,03,21,2021-03-21,holdout3,002544.jpg
002547,2022,04,NONE,2022-04-NONE,holdout5,002547.jpg
002548,2021,04,02,2021-04-02,holdout3,002548.jpg
002552,2022,01,21,2022-01-21,tuning,002552.jpg
002556,2021,11,17,2021-11-17,holdout4,002556.jpg
002558,2022,04,01,2022-04-01,holdout2,002558.jpg
002561,2022,10,21,2022-10-21,holdout4,002561.jpg
002563,2021,08,29,2021-08-29,holdout5,002563.jpg
002566,2021,10,15,2021-10-15,holdout4,002566.jpg
002567,2021,10,15,2021-10-15,holdout4,002567.jpg
002569,2022,04,04,2022-04-04,holdout3,002569.jpg
002571,2021,05,07,2021-05-07,holdout3,002571.jpg
002575,2021,12,16,2021-12-16,holdout2,002575.jpg
002578,2024,01,14,2024-01-14,holdout4,002578.jpg
002579,2024,01,14,2024-01-14,holdout3,002579.jpg
002583,2021,01,07,2021-01-07,holdout5,002583.jpg
002585,2023,11,04,2023-11-04,holdout2,002585.jpg
002589,2023,10,15,2023-10-15,holdout2,002589.jpg
002591,2023,10,27,2023-10-27,holdout4,002591.jpg
002596,2022,10,22,2022-10-22,holdout3,002596.jpg
002599,2021,12,NONE,2021-12-NONE,holdout2,002599.jpg
002600,2020,10,21,2020-10-21,holdout3,002600.jpg
002601,2020,10,21,2020-10-21,holdout4,002601.jpg
002602,2022,07,07,2022-07-07,tuning,002602.jpg
002621,2023,12,21,2023-12-21,holdout4,002621.jpg
002622,2023,12,21,2023-12-21,tuning,002622.jpg
002630,2023,05,NONE,2023-05-NONE,tuning,002630.jpg
002637,2022,11,01,2022-11-01,holdout2,002637.jpg
002638,2022,11,01,2022-11-01,holdout3,002638.jpg
002643,2022,11,NONE,2022-11-NONE,tuning,002643.jpg
002644,2022,11,NONE,2022-11-NONE,holdout3,002644.jpg
002646,2021,12,14,2021-12-14,holdout3,002646.jpg
002650,2021,07,01,2021-07-01,holdout4,002650.jpg
002654,2025,11,30,2025-11-30,tuning,002654.jpg
002662,2022,01,11,2022-01-11,holdout3,002662.jpg
002663,2021,08,18,2021-08-18,holdout3,002663.jpg
002664,2021,08,18,2021-08-18,tuning,002664.jpg
002672,2021,04,05,2021-04-05,holdout2,002672.jpg
002673,2021,04,25,2021-04-25,holdout2,002673.jpg
002680,2021,10,29,2021-10-29,holdout3,002680.jpg
002693,2021,04,19,2021-04-19,holdout2,002693.jpg
002696,2021,07,23,2021-07-23,holdout3,002696.jpg
002699,2021,08,23,2021-08-23,holdout5,002699.jpg
002701,2022,12,16,2022-12-16,holdout4,002701.jpg
002711,2022,01,11,2022-01-11,holdout3,002711.jpg
002712,2022,01,11,2022-01-11,holdout4,002712.jpg
002718,2022,02,23,2022-02-23,holdout1,002718.jpg
002722,2022,12,30,2022-12-30,holdout2,002722.jpg
002725,2021,10,28,2021-10-28,holdout1,002725.jpg
002726,2022,03,17,2022-03-17,holdout3,002726.jpg
002730,2021,06,25,2021-06-25,holdout3,002730.jpg
002731,2021,04,18,2021-04-18,holdout4,002731.jpg
002736,2021,04,28,2021-04-28,holdout2,002736.jpg
002739,2021,09,26,2021-09-26,tuning,002739.jpg
002740,2021,12,18,2021-12-18,holdout5,002740.jpg
002760,2021,05,12,2021-05-12,holdout1,002760.jpg
002768,2021,12,01,2021-12-01,holdout5,002768.jpg
002771,2021,10,11,2021-10-11,holdout2,002771.jpg
002774,2021,10,08,2021-10-08,tuning,002774.jpg
002777,2021,09,15,2021-09-15,tuning,002777.jpg
002780,2021,04,06,2021-04-06,holdout2,002780.jpg
002781,2021,04,06,2021-04-06,holdout4,002781.jpg
002784,2021,04,18,2021-04-18,holdout5,002784.jpg
002785,2021,04,18,2021-04-18,holdout2,002785.jpg
002791,2021,12,06,2021-12-06,holdout1,002791.jpg
002792,2023,04,28,2023-04-28,holdout2,002792.jpg
002800,2021,12,27,2021-12-27,tuning,002800.jpg
002801,2021,09,29,2021-09-29,tuning,002801.jpg
002808,2021,12,29,2021-12-29,holdout3,002808.jpg
002816,2021,06,28,2021-06-28,holdout2,002816.jpg
002820,2021,11,19,2021-11-19,tuning,002820.jpg
002821,2021,11,19,2021-11-19,holdout2,002821.jpg
002826,2021,07,03,2021-07-03,tuning,002826.jpg
002829,2022,01,02,2022-01-02,holdout5,002829.jpg
002841,2023,09,22,2023-09-22,holdout5,002841.jpg
002842,2023,09,22,2023-09-22,holdout3,002842.jpg
002843,2023,06,NONE,2023-06-NONE,holdout2,002843.jpg
002844,2023,06,NONE,2023-06-NONE,holdout5,002844.jpg
002850,2021,08,15,2021-08-15,tuning,002850.jpg
002854,2021,08,11,2021-08-11,holdout5,002854.jpg
002857,2023,06,02,2023-06-02,holdout1,002857.jpg
002861,2021,03,25,2021-03-25,holdout3,002861.jpg
002866,2022,02,28,2022-02-28,holdout5,002866.jpg
002879,2021,06,21,2021-06-21,holdout4,002879.jpg
002881,2021,04,13,2021-04-13,holdout2,002881.jpg
002885,2022,07,20,2022-07-20,holdout3,002885.jpg
002886,2022,01,04,2022-01-04,holdout5,002886.jpg
002890,2021,11,11,2021-11-11,holdout3,002890.jpg
002891,2021,11,11,2021-11-11,holdout3,002891.jpg
002892,2021,03,31,2021-03-31,tuning,002892.jpg
002895,2024,02,13,2024-02-13,holdout3,002895.jpg
002896,2021,07,20,2021-07-20,holdout1,002896.jpg
002903,NONE,NONE,NONE,NONE,holdout1,002903.jpg
002914,2020,11,18,2020-11-18,holdout3,002914.jpg
002918,2021,04,30,2021-04-30,holdout4,002918.jpg
002923,2021,06,13,2021-06-13,holdout4,002923.jpg
002934,2022,02,02,2022-02-02,holdout2,002934.jpg
002939,2022,07,29,2022-07-29,holdout3,002939.jpg
002940,2022,07,29,2022-07-29,holdout3,002940.jpg
002943,2020,06,23,2020-06-23,holdout3,002943.jpg
002944,NONE,NONE,NONE,NONE,tuning,002944.jpg
002945,2023,08,27,2023-08-27,holdout5,002945.jpg
002946,2021,09,25,2021-09-25,tuning,002946.jpg
002950,2021,04,30,2021-04-30,holdout2,002950.jpg
002951,2021,04,30,2021-04-30,holdout5,002951.jpg
002953,2020,05,28,2020-05-28,holdout2,002953.jpg
002958,2022,07,27,2022-07-27,holdout3,002958.jpg
002963,2020,11,06,2020-11-06,holdout3,002963.jpg
002964,2022,09,03,2022-09-03,holdout3,002964.jpg
002965,2022,09,03,2022-09-03,holdout5,002965.jpg
002977,2020,05,12,2020-05-12,holdout5,002977.jpg
002991,2021,03,20,2021-03-20,holdout3,002991.jpg
002993,2021,11,22,2021-11-22,holdout3,002993.jpg
002996,2022,10,15,2022-10-15,holdout2,002996.jpg
002997,2022,10,15,2022-10-15,holdout2,002997.jpg
003001,2021,12,05,2021-12-05,tuning,003001.jpg
003009,2021,10,05,2021-10-05,holdout2,003009.jpg
003020,2021,03,23,2021-03-23,holdout3,003020.jpg
003023,2021,11,01,2021-11-01,holdout4,003023.jpg
003024,2021,09,13,2021-09-13,holdout2,003024.jpg
003028,2021,09,28,2021-09-28,tuning,003028.jpg
003030,2021,11,02,2021-11-02,holdout3,003030.jpg
003034,2022,11,21,2022-11-21,holdout3,003034.jpg
003042,2022,01,17,2022-01-17,holdout3,003042.jpg
003043,2020,07,13,2020-07-13,holdout2,003043.jpg
003045,2022,05,02,2022-05-02,tuning,003045.jpg
003066,2021,11,12,2021-11-12,holdout3,003066.jpg
003072,2021,08,19,2021-08-19,holdout4,003072.jpg
003074,2021,08,25,2021-08-25,holdout4,003074.jpg
003080,2021,11,01,2021-11-01,holdout1,003080.jpg
003082,2021,12,02,2021-12-02,tuning,003082.jpg
003086,2021,06,27,2021-06-27,holdout3,003086.jpg
003089,2021,09,15,2021-09-15,holdout5,003089.jpg
003091,2021,09,17,2021-09-17,holdout2,003091.jpg
003092,2021,09,17,2021-09-17,holdout3,003092.jpg
003094,2023,01,03,2023-01-03,holdout3,003094.jpg
003100,2022,11,21,2022-11-21,holdout2,003100.jpg
003101,2022,11,21,2022-11-21,holdout5,003101.jpg
003102,2022,03,29,2022-03-29,holdout3,003102.jpg
003104,2023,12,06,2023-12-06,holdout4,003104.jpg
003131,2022,03,30,2022-03-30,holdout3,003131.jpg
003136,2022,11,09,2022-11-09,holdout3,003136.jpg
003140,2021,07,12,2021-07-12,holdout4,003140.jpg
003143,2021,12,11,2021-12-11,holdout2,003143.jpg
003147,2021,04,22,2021-04-22,holdout3,003147.jpg
003152,2021,06,30,2021-06-30,holdout5,003152.jpg
003155,2021,07,11,2021-07-11,holdout2,003155.jpg
003164,2021,02,09,2021-02-09,holdout5,003164.jpg
003171,2021,11,11,2021-11-11,holdout2,003171.jpg
003174,2022,08,13,2022-08-13,tuning,003174.jpg
003176,2021,04,30,2021-04-30,holdout3,003176.jpg
003177,2021,03,25,2021-03-25,holdout4,003177.jpg
003178,2021,03,25,2021-03-25,holdout5,003178.jpg
003180,2021,07,08,2021-07-08,holdout2,003180.jpg
003185,2021,06,28,2021-06-28,holdout5,003185.jpg
003186,2021,10,21,2021-10-21,holdout3,003186.jpg
003191,2021,11,19,2021-11-19,holdout3,003191.jpg
003192,2021,11,19,2021-11-19,tuning,003192.jpg
003194,2021,07,13,2021-07-13,holdout4,003194.jpg
003197,2022,11,05,2022-11-05,holdout2,003197.jpg
003201,2022,09,21,2022-09-21,holdout2,003201.jpg
003202,2021,10,NONE,2021-10-NONE,holdout2,003202.jpg
003203,2021,10,NONE,2021-10-NONE,holdout2,003203.jpg
003210,2022,12,02,2022-12-02,holdout1,003210.jpg
003212,2022,08,25,2022-08-25,holdout4,003212.jpg
003213,2024,12,01,2024-12-01,holdout3,003213.jpg
003215,2022,10,13,2022-10-13,holdout3,003215.jpg
003217,2022,01,15,2022-01-15,holdout4,003217.jpg
003218,2021,03,16,2021-03-16,holdout2,003218.jpg
003221,2021,03,08,2021-03-08,holdout3,003221.jpg
003226,2022,01,29,2022-01-29,holdout2,003226.jpg
003227,2022,01,29,2022-01-29,holdout4,003227.jpg
003233,2021,09,21,2021-09-21,holdout2,003233.jpg
003236,2021,03,30,2021-03-30,holdout3,003236.jpg
003237,2021,03,30,2021-03-30,holdout3,003237.jpg
003241,2022,01,28,2022-01-28,holdout3,003241.jpg
003245,2021,09,20,2021-09-20,holdout3,003245.jpg
003246,2021,08,15,2021-08-15,holdout2,003246.jpg
003257,2022,04,01,2022-04-01,holdout2,003257.jpg
003262,2021,06,10,2021-06-10,holdout4,003262.jpg
003271,2021,07,07,2021-07-07,holdout3,003271.jpg
003272,2021,05,03,2021-05-03,holdout1,003272.jpg
003277,NONE,04,05,NONE-04-05,holdout4,003277.jpg
003282,2022,12,21,2022-12-21,holdout1,003282.jpg
003284,2021,09,10,2021-09-10,holdout4,003284.jpg
003290,2022,12,22,2022-12-22,holdout5,003290.jpg
003292,2022,12,02,2022-12-02,tuning,003292.jpg
003296,2021,11,26,2021-11-26,holdout4,003296.jpg
003314,2021,07,05,2021-07-05,holdout2,003314.jpg
003317,2022,02,07,2022-02-07,holdout1,003317.jpg
003331,2021,11,03,2021-11-03,holdout2,003331.jpg
003333,2021,10,30,2021-10-30,holdout3,003333.jpg
003334,2021,10,30,2021-10-30,holdout2,003334.jpg
003336,2021,07,02,2021-07-02,holdout5,003336.jpg
003340,2022,09,29,2022-09-29,holdout3,003340.jpg
003341,2022,09,29,2022-09-29,tuning,003341.jpg
3346,2026,09,10,2026-09-10,holdout2,3346.jpeg
3347,2027,09,01,2027-09-01,holdout4,3347.jpeg
3352,2025,12,09,2025-12-09,tuning,3352.jpeg
